amenity,name,lon,lat,coordinates
school,Tagesschule Neubühl,8.533236,47.3326274,"(8.533236 , 47.3326274)"
school,Primarschule Neubühl,8.5326691,47.3325213,"(8.5326691 , 47.3325213)"
kindergarten,Kindergarten Fritschi,8.5128639,47.3755108,"(8.5128639 , 47.3755108)"
college,Berufsmaturitätsschule Zürich,8.5314358,47.3782925,"(8.5314358 , 47.3782925)"
school,Haus der Farbe,8.5345687,47.4113743,"(8.5345687 , 47.4113743)"
kindergarten,Kindergarten Waidfussweg I + II,8.5175519,47.3978137,"(8.5175519 , 47.3978137)"
kindergarten,Hort Glaubten 1 (Mittag-/Abendhort) + 4 (Mittaghort),8.5168515,47.4122559,"(8.5168515 , 47.4122559)"
college,Allgemeine Berufsschule Zürich,8.5367336,47.3829876,"(8.5367336 , 47.3829876)"
kindergarten,Kindergarten im Birch,8.5401231,47.4156831,"(8.5401231 , 47.4156831)"
kindergarten,Kindergarten Katzenbach I + II,8.5470656,47.4228706,"(8.5470656 , 47.4228706)"
kindergarten,Kindergarten Staudenbühl,8.5348321,47.4193027,"(8.5348321 , 47.4193027)"
kindergarten,Kinderkrippe Schnappi,8.5388817,47.4131857,"(8.5388817 , 47.4131857)"
kindergarten,GFZ Kindertagesstätte 5,8.5315296,47.382777,"(8.5315296 , 47.382777)"
kindergarten,Kindertagesstätte Regenbogen,8.5231009,47.3870012,"(8.5231009 , 47.3870012)"
school,Kinderreitschule,8.4807934,47.3734318,"(8.4807934 , 47.3734318)"
school,Rudolf Steiner Schule Zürich,8.5547829,47.3728111,"(8.5547829 , 47.3728111)"
kindergarten,Kindergarten Nordheim,8.5327779,47.4044723,"(8.5327779 , 47.4044723)"
kindergarten,Krippe Windrädli,8.5331137,47.4122726,"(8.5331137 , 47.4122726)"
kindergarten,Kindergarten Utogrund I + II,8.4971428,47.3801773,"(8.4971428 , 47.3801773)"
school,Klubschule Migros Oerlikon,8.5426205,47.4104775,"(8.5426205 , 47.4104775)"
kindergarten,Kindertagesstätte Käferhaus,8.5168875,47.398651,"(8.5168875 , 47.398651)"
kindergarten,Kinderkrippe Gummibärli,8.4955561,47.38098,"(8.4955561 , 47.38098)"
kindergarten,Kindergarten Tiefenbrunnen,8.5582271,47.3544008,"(8.5582271 , 47.3544008)"
kindergarten,"Morgentisch, Mittag-/Abendhort Tiefenbrunnen",8.5582277,47.354296,"(8.5582277 , 47.354296)"
college,Berufsfachschule für Lernende mit Hör- und Kommunikationsbehinderung (BSFH),8.5453343,47.4158872,"(8.5453343 , 47.4158872)"
kindergarten,"Morgentisch, Mittag-/Abendhort Albisrieden 2",8.5037805,47.3783853,"(8.5037805 , 47.3783853)"
kindergarten,Kinderhaus Bozza Stauffacher,8.5291927,47.3743295,"(8.5291927 , 47.3743295)"
kindergarten,Kinderkrippe Schneeflocke,8.5296882,47.3750593,"(8.5296882 , 47.3750593)"
school,Freie Evangelische Schule Zürich,8.5462762,47.3686105,"(8.5462762 , 47.3686105)"
kindergarten,Kita Tandem,8.5315592,47.3740902,"(8.5315592 , 47.3740902)"
school,Lernstudio Stüssistrasse,8.5407932,47.3925962,"(8.5407932 , 47.3925962)"
college,Interkantonale Hochschule für Heilpädagogik,8.5465683,47.4028415,"(8.5465683 , 47.4028415)"
kindergarten,Kindergarten Halde C1 + C2,8.5455301,47.4074875,"(8.5455301 , 47.4074875)"
kindergarten,Frida Krippe,8.5099036,47.3766061,"(8.5099036 , 47.3766061)"
kindergarten,Musische Kindertagesstätte MUKITA,8.5092146,47.3770792,"(8.5092146 , 47.3770792)"
kindergarten,Kindergarten Meiliweg 1 - 3,8.5171998,47.3675384,"(8.5171998 , 47.3675384)"
kindergarten,Kindergarten Bungertwies 1 + 2,8.5615422,47.3719098,"(8.5615422 , 47.3719098)"
kindergarten,Kindergarten Habsburgstrasse,8.5260414,47.3931826,"(8.5260414 , 47.3931826)"
school,Mittaghort Herzli-Träff,8.5731534,47.4077056,"(8.5731534 , 47.4077056)"
kindergarten,Krippe Schmetterling,8.4853629,47.3770122,"(8.4853629 , 47.3770122)"
kindergarten,Kindergarten Eugen-Huber-Strasse,8.4832253,47.3853557,"(8.4832253 , 47.3853557)"
kindergarten,Kindergarten Halde A1 + A2,8.5464342,47.4068282,"(8.5464342 , 47.4068282)"
kindergarten,Mittaghort Mittagstreff Liguster,8.5459241,47.4070277,"(8.5459241 , 47.4070277)"
school,Tagesschule Viso Parents,8.5444362,47.4071608,"(8.5444362 , 47.4071608)"
kindergarten,Kindergarten Ottikerweg I – III,8.5475629,47.3861943,"(8.5475629 , 47.3861943)"
college,Pädagogische Hochschule Zürich,8.5346312,47.3776709,"(8.5346312 , 47.3776709)"
kindergarten,Hort Glaubten 2 (Mittag-/Abendhort) + 3 (Morgentisch),8.5126125,47.412175,"(8.5126125 , 47.412175)"
kindergarten,Mittaghort Hofwiesenstrasse,8.537956,47.3925041,"(8.537956 , 47.3925041)"
college,Technikerschule HF Zürich,8.5323351,47.3778908,"(8.5323351 , 47.3778908)"
kindergarten,Kindergarten Gugolz,8.5120657,47.3826647,"(8.5120657 , 47.3826647)"
kindergarten,Kindergarten Vista Verde 1 +2,8.5161468,47.3246631,"(8.5161468 , 47.3246631)"
kindergarten,Kindergarten Bergacker I + II,8.5111977,47.4147485,"(8.5111977 , 47.4147485)"
kindergarten,Kindergarten Steinacker 1 + 2,8.6008743,47.3544531,"(8.6008743 , 47.3544531)"
school,Klubschule Migros Tanzwerk 101,8.5083708,47.3898235,"(8.5083708 , 47.3898235)"
kindergarten,Chinderhuus KribbelKrabbel,8.5018352,47.3855086,"(8.5018352 , 47.3855086)"
kindergarten,Kindergarten Milchbuck I – III,8.5370724,47.3962484,"(8.5370724 , 47.3962484)"
kindergarten,Kindergarten Zeppelinstrasse,8.5363104,47.3956589,"(8.5363104 , 47.3956589)"
kindergarten,Mittag-/Abendhort Wuhrstrasse,8.5203726,47.3683344,"(8.5203726 , 47.3683344)"
kindergarten,Mittag-/Abendhort Talwiesen 1 + 2,8.5160117,47.3647422,"(8.5160117 , 47.3647422)"
kindergarten,Kindergarten Talwiesen 1,8.5152262,47.3643591,"(8.5152262 , 47.3643591)"
kindergarten,Kindergarten Talwiesen 2,8.5154057,47.3642007,"(8.5154057 , 47.3642007)"
kindergarten,Mittag-/Abendhort Höfliweg,8.5098419,47.3686742,"(8.5098419 , 47.3686742)"
school,SBB Bildung,8.4933333,47.3897556,"(8.4933333 , 47.3897556)"
school,Login Berufsbildung,8.4930468,47.3898527,"(8.4930468 , 47.3898527)"
kindergarten,Chinderhuus BABAR,8.5587448,47.4162584,"(8.5587448 , 47.4162584)"
kindergarten,Kindergarten Zwirnerstrasse,8.5181423,47.3367369,"(8.5181423 , 47.3367369)"
kindergarten,Kindergarten Sihlbogen 1,8.5188153,47.3363978,"(8.5188153 , 47.3363978)"
university,"Universität Zürich, Oerlikon (AFL)",8.5402012,47.4107931,"(8.5402012 , 47.4107931)"
school,Atelierschule Zürich,8.5542538,47.3730363,"(8.5542538 , 47.3730363)"
kindergarten,Kindergarten Kosaken I + II,8.5494196,47.4167026,"(8.5494196 , 47.4167026)"
bus_station,Bus Station Zürich,8.5375652,47.3807429,"(8.5375652 , 47.3807429)"
kindergarten,Kindergarten Freilager I + II,8.4888119,47.3793405,"(8.4888119 , 47.3793405)"
kindergarten,Kita Fugu,8.4886009,47.3797104,"(8.4886009 , 47.3797104)"
kindergarten,Bambolina,8.5418645,47.4096169,"(8.5418645 , 47.4096169)"
kindergarten,Russischer Kindergarten,8.5463603,47.3824648,"(8.5463603 , 47.3824648)"
college,ZLI,8.4908351,47.3904717,"(8.4908351 , 47.3904717)"
kindergarten,Güxi,8.5136217,47.3770189,"(8.5136217 , 47.3770189)"
school,Brunau Stiftung,8.5209288,47.3598736,"(8.5209288 , 47.3598736)"
school,Klubschule Migros Altstetten,8.4917717,47.3917581,"(8.4917717 , 47.3917581)"
school,Klubschule Migros Limmatplatz,8.531279,47.3857517,"(8.531279 , 47.3857517)"
school,Schule Zürich Nord,8.5398625,47.4143549,"(8.5398625 , 47.4143549)"
kindergarten,Kindergarten Birmensdorferstrasse,8.499595,47.3675024,"(8.499595 , 47.3675024)"
kindergarten,Kindergarten Unterer Schweighof,8.5000595,47.3670399,"(8.5000595 , 47.3670399)"
kindergarten,Kindergarten Höfliweg 1 + 2,8.5097169,47.3692404,"(8.5097169 , 47.3692404)"
kindergarten,Kindergarten Döltschiweg 1 + 2,8.5040217,47.3658089,"(8.5040217 , 47.3658089)"
kindergarten,Kids & Co Kindertagesstätte Tiergarten,8.5133207,47.3663117,"(8.5133207 , 47.3663117)"
kindergarten,Kindergarten Sieber,8.5114853,47.364489,"(8.5114853 , 47.364489)"
kindergarten,Kindergarten Heinrich 143 A + B,8.5262516,47.3866448,"(8.5262516 , 47.3866448)"
kindergarten,Kindergarten Auzelg,8.5697231,47.4149232,"(8.5697231 , 47.4149232)"
college,ZHAW School of Engineering‎,8.5325937,47.3777293,"(8.5325937 , 47.3777293)"
kindergarten,GFZ Kindertagesstätte 4,8.5204341,47.3762382,"(8.5204341 , 47.3762382)"
school,IST Höhere Fachschule für Tourismus,8.5318509,47.3821347,"(8.5318509 , 47.3821347)"
kindergarten,Kindergarten Grütli 1 - 3,8.5309615,47.3600275,"(8.5309615 , 47.3600275)"
kindergarten,Kindergarten Obsthalden,8.5175339,47.4140484,"(8.5175339 , 47.4140484)"
kindergarten,Kindergarten Zehntenhaus I + II,8.5082544,47.4228814,"(8.5082544 , 47.4228814)"
kindergarten,Kindergarten Reckenholz I + II,8.5145189,47.4226621,"(8.5145189 , 47.4226621)"
kindergarten,Kindergarten Isengrind I + II,8.511882,47.4224471,"(8.511882 , 47.4224471)"
kindergarten,Kindergarten Riedenhalden I + II,8.5107778,47.4193957,"(8.5107778 , 47.4193957)"
kindergarten,Kindergarten Ruggächer I,8.5014175,47.4251176,"(8.5014175 , 47.4251176)"
kindergarten,Kindergarten Hungerberg,8.4998341,47.4192169,"(8.4998341 , 47.4192169)"
kindergarten,Kindergarten Holzerhurd,8.4956642,47.4238486,"(8.4956642 , 47.4238486)"
kindergarten,Kindergarten Furttal,8.4984834,47.4202464,"(8.4984834 , 47.4202464)"
kindergarten,Kindergarten Regina-Kägi-Hof II,8.5323641,47.4122668,"(8.5323641 , 47.4122668)"
kindergarten,Kindergarten Regina-Kägi-Hof I,8.5323859,47.4124167,"(8.5323859 , 47.4124167)"
kindergarten,Kindergarten Künzli,8.532206,47.407491,"(8.532206 , 47.407491)"
kindergarten,Kindergarten Holunderhof I + II,8.5283061,47.4108753,"(8.5283061 , 47.4108753)"
kindergarten,Kindergarten Kügeliloo,8.529445,47.4105347,"(8.529445 , 47.4105347)"
kindergarten,Kindergarten Holzmatt,8.5254143,47.4135723,"(8.5254143 , 47.4135723)"
kindergarten,Kindergarten Neunbrunnen Beta,8.5330325,47.4165345,"(8.5330325 , 47.4165345)"
kindergarten,Kindergarten Neunbrunnen Alpha,8.5319136,47.4163882,"(8.5319136 , 47.4163882)"
kindergarten,Kindergarten Arnikahof,8.5322805,47.4157558,"(8.5322805 , 47.4157558)"
kindergarten,Kindergarten Althoos I + II,8.5217559,47.4106982,"(8.5217559 , 47.4106982)"
kindergarten,Kindergarten Salvator I + II,8.5530978,47.4070893,"(8.5530978 , 47.4070893)"
kindergarten,Kindergarten Friedheim,8.5529231,47.4039082,"(8.5529231 , 47.4039082)"
kindergarten,Kindergarten Oerlikoner,8.5471512,47.4058461,"(8.5471512 , 47.4058461)"
kindergarten,Kindergarten Caspar Wüst I + II,8.5419368,47.4314623,"(8.5419368 , 47.4314623)"
kindergarten,Kindergarten Schönauring I + II,8.5386013,47.427438,"(8.5386013 , 47.427438)"
kindergarten,Kindergarten Eichrain,8.5468028,47.4300394,"(8.5468028 , 47.4300394)"
kindergarten,Kindergarten Kolbenacker I,8.5511144,47.4255049,"(8.5511144 , 47.4255049)"
kindergarten,Kindergarten Stiglen,8.5498731,47.4278284,"(8.5498731 , 47.4278284)"
kindergarten,Kindergarten Ettenfeld,8.553702,47.4250398,"(8.553702 , 47.4250398)"
kindergarten,Kindergarten Im Talbächli I + II,8.4696248,47.3881819,"(8.4696248 , 47.3881819)"
kindergarten,Kindergarten Am Suteracher,8.471045,47.3902574,"(8.471045 , 47.3902574)"
kindergarten,Kindergarten Winterthurerstrasse,8.5796743,47.4057363,"(8.5796743 , 47.4057363)"
kindergarten,Kindergarten Hirzenbach,8.5869225,47.4051075,"(8.5869225 , 47.4051075)"
kindergarten,Kindergarten Probstei I,8.5784621,47.4004401,"(8.5784621 , 47.4004401)"
kindergarten,Kindergarten Ahorn,8.5670399,47.4044285,"(8.5670399 , 47.4044285)"
kindergarten,Mittag-/Abendhort Luegisland 1-2,8.5745615,47.4087646,"(8.5745615 , 47.4087646)"
kindergarten,Kindergarten Luegislandstrasse,8.5689137,47.4087601,"(8.5689137 , 47.4087601)"
kindergarten,Kindergarten Auhof I + II,8.572155,47.4068372,"(8.572155 , 47.4068372)"
kindergarten,Kindergarten Schörlistrasse,8.5625971,47.4075598,"(8.5625971 , 47.4075598)"
kindergarten,Kindergarten Leutschenbach II,8.5605405,47.4137129,"(8.5605405 , 47.4137129)"
kindergarten,Kindergarten Auwiesenstrasse,8.5688297,47.4135882,"(8.5688297 , 47.4135882)"
kindergarten,Hardbrüggli,8.5152465,47.3874692,"(8.5152465 , 47.3874692)"
kindergarten,Kindergarten Hüslibach,8.5160176,47.3286845,"(8.5160176 , 47.3286845)"
kindergarten,Kindergarten Farenweg 1 + 2,8.5267739,47.3401145,"(8.5267739 , 47.3401145)"
kindergarten,Kindergarten und Hort Neubühl,8.5327401,47.333367,"(8.5327401 , 47.333367)"
university,"Universität Zürich, Oerlikon (BIN)",8.549618,47.4143683,"(8.549618 , 47.4143683)"
university,"Universität Zürich, Oerlikon (AND)",8.5487502,47.4131889,"(8.5487502 , 47.4131889)"
kindergarten,Mittaghort Pflegi,8.5623229,47.3684916,"(8.5623229 , 47.3684916)"
kindergarten,Kindergarten Freiestrasse,8.5586992,47.3665272,"(8.5586992 , 47.3665272)"
school,Kunst- und Sportschule Zürich,8.5401242,47.4156134,"(8.5401242 , 47.4156134)"
kindergarten,Mittag-/Abendhort Hammer,8.5641416,47.3599357,"(8.5641416 , 47.3599357)"
kindergarten,Kindergarten Hofacker Turnhaus,8.5648311,47.3627851,"(8.5648311 , 47.3627851)"
kindergarten,Kindergarten Hirslanden 1 + 2,8.5695357,47.3596686,"(8.5695357 , 47.3596686)"
school,Kunst- und Sportschule Zürich,8.559019,47.3556831,"(8.559019 , 47.3556831)"
kindergarten,"MittagstischGZ Riesbach, Mittag-/Abendhort Seefeld",8.5541163,47.359106,"(8.5541163 , 47.359106)"
kindergarten,Hort Lengg,8.573943,47.3541339,"(8.573943 , 47.3541339)"
kindergarten,Kindergarten Im Walder,8.5736445,47.3493569,"(8.5736445 , 47.3493569)"
kindergarten,Mittag-/Abendhort Vorderberg,8.5593676,47.3760901,"(8.5593676 , 47.3760901)"
kindergarten,Mittag-/Abendhort Fluntern 4,8.556625,47.3768942,"(8.556625 , 47.3768942)"
kindergarten,Kindergarten Krähbühl,8.5649056,47.3781047,"(8.5649056 , 47.3781047)"
kindergarten,Mittaghort Hillside,8.5588043,47.3682114,"(8.5588043 , 47.3682114)"
kindergarten,Kindergarten Neumarkt,8.546017,47.3725621,"(8.546017 , 47.3725621)"
kindergarten,Kindergarten Hirschengraben,8.5477878,47.3732791,"(8.5477878 , 47.3732791)"
kindergarten,"Morgentisch, Mittag-/Abendhort Witikon",8.591152,47.3590029,"(8.591152 , 47.3590029)"
kindergarten,Mittaghort Heilighüsli,8.5858745,47.3580544,"(8.5858745 , 47.3580544)"
kindergarten,Kindergarten Witikonerstrasse,8.5812154,47.359273,"(8.5812154 , 47.359273)"
kindergarten,Kindergarten Lehfrauenweg 1,8.5895992,47.3603243,"(8.5895992 , 47.3603243)"
kindergarten,Kindergarten Buchholz 1 + 2,8.5842231,47.360869,"(8.5842231 , 47.360869)"
kindergarten,Kinderhaus Bozza Lukashof,8.5261256,47.3787559,"(8.5261256 , 47.3787559)"
kindergarten,Kindergarten Im Herrlig 1 +2,8.4823846,47.3902555,"(8.4823846 , 47.3902555)"
college,Kantonale Berufsschule für Weiterbildung EB Zürich,8.5546105,47.3600321,"(8.5546105 , 47.3600321)"
school,Kantonale Maturitätsschule für Erwachsene,8.5542949,47.3603452,"(8.5542949 , 47.3603452)"
school,Freie Katholische Schule Wiedikon,8.5142694,47.3723075,"(8.5142694 , 47.3723075)"
school,Sprungbrett Montessori-Schule,8.5578231,47.3651941,"(8.5578231 , 47.3651941)"
kindergarten,Kindergarten St. Anton,8.5575789,47.3652855,"(8.5575789 , 47.3652855)"
school,Casa d'Italia,8.5189563,47.3800679,"(8.5189563 , 47.3800679)"
school,Jüdische Schule NOAM,8.5309988,47.3603173,"(8.5309988 , 47.3603173)"
school,Schule für Sehbehinderte,8.4860781,47.3849324,"(8.4860781 , 47.3849324)"
school,Heilpädagogische Schule Gotthelf,8.5203017,47.3684404,"(8.5203017 , 47.3684404)"
school,Talmud Toire Chajei Oilom,8.5275785,47.3662506,"(8.5275785 , 47.3662506)"
kindergarten,Kindergarten Goldacker I + II,8.4919806,47.3681993,"(8.4919806 , 47.3681993)"
kindergarten,Kindergarten Nordbrücke,8.5303507,47.3942118,"(8.5303507 , 47.3942118)"
kindergarten,Kindergarten Landenbergstrasse,8.5281502,47.3922729,"(8.5281502 , 47.3922729)"
kindergarten,Kindergarten Freilager III + IV,8.4892512,47.3779453,"(8.4892512 , 47.3779453)"
kindergarten,Kindergarten Waffenplatzstrasse,8.526823,47.3574313,"(8.526823 , 47.3574313)"
kindergarten,Kindergarten Erismannhof I + II,8.519763,47.3798073,"(8.519763 , 47.3798073)"
kindergarten,Kindergarten Gutstrasse I + II,8.5049458,47.3730131,"(8.5049458 , 47.3730131)"
kindergarten,Kindergarten Manegg I – III,8.5261731,47.3476015,"(8.5261731 , 47.3476015)"
kindergarten,Kindergarten Schwendenweg 1 + 2,8.5176233,47.3689244,"(8.5176233 , 47.3689244)"
kindergarten,Kindergarten Letzigraben I + II,8.5029733,47.3797215,"(8.5029733 , 47.3797215)"
kindergarten,Kindergarten Brahms 47,8.5058656,47.3784922,"(8.5058656 , 47.3784922)"
college,Zürcher Hochschule der Künste ZHdK,8.5116801,47.3909258,"(8.5116801 , 47.3909258)"
college,ZHAW Soziale Arbeit,8.5119137,47.3907659,"(8.5119137 , 47.3907659)"
college,ZHAW Angewandte Psychologie,8.5121474,47.3906059,"(8.5121474 , 47.3906059)"
college,Hochschule für Wirtschaft Zürich,8.5338134,47.3768539,"(8.5338134 , 47.3768539)"
college,Berufsmaturitätsschule Zürich,8.4872688,47.3941881,"(8.4872688 , 47.3941881)"
college,Berufsschule für Detailhandel Zürich,8.487268,47.3942748,"(8.487268 , 47.3942748)"
college,Baugewerbliche Berufsschule Zürich,8.5314521,47.3696574,"(8.5314521 , 47.3696574)"
college,Baugewerbliche Berufsschule Zürich,8.5311245,47.3784516,"(8.5311245 , 47.3784516)"
college,Baugewerbliche Berufsschule Zürich,8.533551,47.3825431,"(8.533551 , 47.3825431)"
college,Berufsschule Mode und Gestaltung,8.535109,47.3817042,"(8.535109 , 47.3817042)"
college,F+F Schule für Kunst und Design,8.4926703,47.3819156,"(8.4926703 , 47.3819156)"
kindergarten,Mittag-/Abendhort Holderbach 4,8.5036724,47.4177791,"(8.5036724 , 47.4177791)"
kindergarten,Kindergarten Vogtsrain I + II,8.4990916,47.4040453,"(8.4990916 , 47.4040453)"
school,Oberstufenschule Lengg,8.569115,47.349403,"(8.569115 , 47.349403)"
school,Schule für Gesundheitsberufe,8.543807,47.41535,"(8.543807 , 47.41535)"
school,AKAD Business Zürich,8.543807,47.4154229,"(8.543807 , 47.4154229)"
school,"Fachschule Viventa, Schulhaus Jungholz",8.543807,47.4154943,"(8.543807 , 47.4154943)"
school,Kalaidos Bildungsgruppe,8.543807,47.4155643,"(8.543807 , 47.4155643)"
kindergarten,Krippe Krümel,8.5480622,47.405867,"(8.5480622 , 47.405867)"
kindergarten,Kindergarten Ackersteinstrasse,8.5079465,47.3965007,"(8.5079465 , 47.3965007)"
school,"Morgentisch, Mittag-/Abendhort Auhof",8.569802,47.4074187,"(8.569802 , 47.4074187)"
school,Mittaghort Ahorn/Friedrich 2 A,8.5686088,47.4049578,"(8.5686088 , 47.4049578)"
kindergarten,Kindergarten Grosswiesen II,8.5878317,47.4034999,"(8.5878317 , 47.4034999)"
kindergarten,Kindergarten Am Glattbogen,8.5667165,47.412364,"(8.5667165 , 47.412364)"
school,Kindergarten Roswiesen,8.5807102,47.4075536,"(8.5807102 , 47.4075536)"
school,"Morgentisch, Mittag-/Abendhort Kronwiesen",8.5812465,47.4044445,"(8.5812465 , 47.4044445)"
kindergarten,Kindergarten Mattenhof I,8.592357,47.3992144,"(8.592357 , 47.3992144)"
kindergarten,Mittag-/Abendhort Graphis 1,8.5806366,47.4021036,"(8.5806366 , 47.4021036)"
kindergarten,"Morgentisch, Mittag-/Abendhort Heideggerweg",8.5636704,47.4076597,"(8.5636704 , 47.4076597)"
kindergarten,Mittag-/Abendhort Kirchenacker,8.5535105,47.4097321,"(8.5535105 , 47.4097321)"
kindergarten,Mittag-/Abendhort Magdalenenstrasse,8.5535984,47.4068578,"(8.5535984 , 47.4068578)"
kindergarten,"Morgentisch, Mittag-/Abendhort Buchwiesen1 - 4",8.5401435,47.4276808,"(8.5401435 , 47.4276808)"
kindergarten,Mittag-/Abendhort Buhn 3,8.5409271,47.4201569,"(8.5409271 , 47.4201569)"
kindergarten,"Morgentisch, Mittag-/Abendhort Katzenbach 1 + 2",8.5465239,47.4231167,"(8.5465239 , 47.4231167)"
kindergarten,Mittag-/Abendhort Bernina,8.5460627,47.4029317,"(8.5460627 , 47.4029317)"
kindergarten,Mittaghort Holderbach 2,8.4990492,47.4231995,"(8.4990492 , 47.4231995)"
kindergarten,"Morgentisch, Mittag-/Abendhort Isengrind",8.513305,47.4232001,"(8.513305 , 47.4232001)"
kindergarten,Mittaghort GZ Affoltern,8.5107835,47.4246021,"(8.5107835 , 47.4246021)"
kindergarten,Mittag-/Abendhort Wolfswinkel 1 + 2,8.5150881,47.4239473,"(8.5150881 , 47.4239473)"
kindergarten,Mittag-/Abendhort Kolbenacker F,8.5515644,47.4259048,"(8.5515644 , 47.4259048)"
kindergarten,Kindergarten Holunderhof I + II,8.5366004,47.4092853,"(8.5366004 , 47.4092853)"
kindergarten,Mittag-/Abendhort Affoltern 1 + 2,8.5335123,47.4113173,"(8.5335123 , 47.4113173)"
kindergarten,"Morgentisch, Mittag-/Abendhort Maienstrasse",8.5289835,47.4102547,"(8.5289835 , 47.4102547)"
kindergarten,Mittag-/AbendhortFrohheim,8.5124813,47.4162485,"(8.5124813 , 47.4162485)"
kindergarten,"Morgentisch, Mittag-/Abendhort In Böden 1 + 2",8.5098962,47.4183102,"(8.5098962 , 47.4183102)"
kindergarten,Mittag-/Abendhort Ruggächer 3,8.5016831,47.4250376,"(8.5016831 , 47.4250376)"
kindergarten,Kindergarten Am Wasser,8.5042809,47.3961615,"(8.5042809 , 47.3961615)"
kindergarten,Kindergarten Hardturmpark,8.5089938,47.3914575,"(8.5089938 , 47.3914575)"
kindergarten,Kindergarten Kraftwerk,8.5078902,47.3929114,"(8.5078902 , 47.3929114)"
kindergarten,Kindergarten Limmatgut,8.5019041,47.3983201,"(8.5019041 , 47.3983201)"
kindergarten,Kindergarten Meierhofplatz,8.5006992,47.4008128,"(8.5006992 , 47.4008128)"
kindergarten,Mittag-/Abendhort Hardturm 1 + 2,8.505294,47.3944038,"(8.505294 , 47.3944038)"
kindergarten,Kindergarten Brunnenhof 1 + 2,8.5341065,47.4003436,"(8.5341065 , 47.4003436)"
kindergarten,Kindergarten Buchegg,8.535154,47.3985082,"(8.535154 , 47.3985082)"
kindergarten,"Morgentisch, Mittag-/Abendhort Allenmoos",8.5398039,47.4031982,"(8.5398039 , 47.4031982)"
kindergarten,"Morgentisch, Mittag-/Abendhort Brunnenhof",8.5347931,47.4003715,"(8.5347931 , 47.4003715)"
kindergarten,Kindergarten Hutten Pavillon 1 + 2,8.5492402,47.3819878,"(8.5492402 , 47.3819878)"
kindergarten,Kindergarten Rütschistrasse,8.5332054,47.3934885,"(8.5332054 , 47.3934885)"
kindergarten,Kindergarten Kronenwiese 1 + 2,8.5364607,47.3872385,"(8.5364607 , 47.3872385)"
kindergarten,MittaghortNürenberg,8.5320513,47.3920526,"(8.5320513 , 47.3920526)"
kindergarten,Mittag-/AbendhortWasserwerk,8.5310822,47.3883227,"(8.5310822 , 47.3883227)"
kindergarten,Kindergarten Dorfstrasse,8.5227934,47.3946327,"(8.5227934 , 47.3946327)"
kindergarten,Kindergarten Hönggerstrasse,8.5205478,47.394235,"(8.5205478 , 47.394235)"
kindergarten,Kindergarten Waidhalde Schulhaus 1,8.5251107,47.3971563,"(8.5251107 , 47.3971563)"
kindergarten,Mittag-/AbendhortDorfstrasse,8.5227051,47.3945058,"(8.5227051 , 47.3945058)"
kindergarten,Mittag-/Abendhort Höngg,8.5231001,47.3929746,"(8.5231001 , 47.3929746)"
kindergarten,Mittaghort Trotten,8.5242139,47.395053,"(8.5242139 , 47.395053)"
kindergarten,"Morgentisch, Mittag-/Abendhort Waidhalde 1 - 3",8.5268257,47.3970913,"(8.5268257 , 47.3970913)"
kindergarten,Mittag-/Abendhort Nord 1 + 2,8.5266996,47.3948963,"(8.5266996 , 47.3948963)"
kindergarten,Mittag-/Abendhort Nordbrücke,8.5302374,47.3940774,"(8.5302374 , 47.3940774)"
kindergarten,Kindergarten Bombach 1 + 2,8.4839099,47.4055131,"(8.4839099 , 47.4055131)"
kindergarten,Kindergarten Wildenweg 1 + 2,8.4881639,47.4080996,"(8.4881639 , 47.4080996)"
kindergarten,Kindergarten Winzerhalde 1 + 2,8.4880568,47.4013182,"(8.4880568 , 47.4013182)"
kindergarten,Mittag-/Abendhort Pünten 1,8.4884751,47.4050667,"(8.4884751 , 47.4050667)"
kindergarten,"Morgentisch, Mittag-/Abendhort Riedhof 1 + 2",8.486,47.4081318,"(8.486 , 47.4081318)"
kindergarten,Mittag-/AbendhortRiedhof 3,8.4858938,47.4078695,"(8.4858938 , 47.4078695)"
kindergarten,Mittag-/Abendhort Rütihof 2,8.476062,47.4130903,"(8.476062 , 47.4130903)"
kindergarten,Mittag-/Abendhort Rütihof 3,8.4777744,47.4142426,"(8.4777744 , 47.4142426)"
kindergarten,Kindergarten Scherr 1,8.5467978,47.3847667,"(8.5467978 , 47.3847667)"
kindergarten,MittaghortScherr 4,8.5477446,47.3857401,"(8.5477446 , 47.3857401)"
kindergarten,Mittag-/Abendhort Winterthurer,8.5462694,47.3886438,"(8.5462694 , 47.3886438)"
kindergarten,Kindergarten Am Wettingertobel,8.4969274,47.4017722,"(8.4969274 , 47.4017722)"
kindergarten,Mittag-/Abendhort Vogtsrain 1,8.4993102,47.4044099,"(8.4993102 , 47.4044099)"
kindergarten,Kindergarten Beckenhof,8.5409818,47.3853962,"(8.5409818 , 47.3853962)"
kindergarten,Kindergarten Scheuchzerstrasse 1 + 2,8.5437405,47.3882322,"(8.5437405 , 47.3882322)"
kindergarten,Mittag-/Abendhort Rösli,8.5422159,47.3885133,"(8.5422159 , 47.3885133)"
kindergarten,Mittag-/Abendhort Turner 1,8.5415668,47.3881118,"(8.5415668 , 47.3881118)"
kindergarten,Mittag-/AbendhortAltstetter 4,8.4895201,47.3841484,"(8.4895201 , 47.3841484)"
kindergarten,Kindergarten Altweg 1 - 2,8.4921733,47.3728728,"(8.4921733 , 47.3728728)"
kindergarten,Kindergarten Ginsterstrasse,8.4939092,47.3755013,"(8.4939092 , 47.3755013)"
kindergarten,Mittaghort Altweg 3,8.4907051,47.3714479,"(8.4907051 , 47.3714479)"
kindergarten,Mittag-/Abendhort Altweg 4,8.4965477,47.3750886,"(8.4965477 , 47.3750886)"
kindergarten,Kindergarten Studerhaus 1 + 2,8.4805449,47.3886445,"(8.4805449 , 47.3886445)"
kindergarten,Kindergarten Dachslernstrasse,8.4743221,47.3909087,"(8.4743221 , 47.3909087)"
kindergarten,"Morgentisch Dachslern 3, Mittag-/Abendhort Dachslern 1",8.475592,47.3855291,"(8.475592 , 47.3855291)"
kindergarten,Mittaghort Dachslern 2,8.4814652,47.3858529,"(8.4814652 , 47.3858529)"
kindergarten,Kindergarten Im Herrlig 3,8.4790767,47.3920912,"(8.4790767 , 47.3920912)"
kindergarten,Mittag-/Abendhort Im Herrlig 2,8.478619,47.3928057,"(8.478619 , 47.3928057)"
kindergarten,Kindergarten Grünau 1 + 2,8.4882063,47.3965998,"(8.4882063 , 47.3965998)"
kindergarten,Kindergarten Grünau 3 + 4,8.4870461,47.3962763,"(8.4870461 , 47.3962763)"
kindergarten,"Morgentisch Grünau 4, Mittag-/Abendhort Grünau 3",8.4840307,47.3972507,"(8.4840307 , 47.3972507)"
school,Schulhaus In der Ey,8.4878801,47.3738576,"(8.4878801 , 47.3738576)"
kindergarten,Kindergarten In der Ey 3,8.4872726,47.3740465,"(8.4872726 , 47.3740465)"
kindergarten,Kindergarten In der Ey 4,8.4865475,47.3762363,"(8.4865475 , 47.3762363)"
kindergarten,Kindergarten Kappeli 1 + 2,8.491301,47.3876414,"(8.491301 , 47.3876414)"
kindergarten,Kindegarten Kappeli 3,8.4959597,47.3863918,"(8.4959597 , 47.3863918)"
kindergarten,Kindergarten Kappeli 5,8.4875911,47.3903417,"(8.4875911 , 47.3903417)"
kindergarten,Mittag-/Abendhort Kappeli 5,8.4943746,47.3868985,"(8.4943746 , 47.3868985)"
kindergarten,Mittag-/Abendhort Loogarten 1,8.4730327,47.388366,"(8.4730327 , 47.388366)"
kindergarten,Mittag-/Abendhort Loogarten 4,8.4723522,47.3897017,"(8.4723522 , 47.3897017)"
school,Schulhaus Triemli,8.486815,47.3726541,"(8.486815 , 47.3726541)"
kindergarten,Mittag-/Abendhort Triemli 1,8.4863553,47.3728136,"(8.4863553 , 47.3728136)"
kindergarten,Mittag-/Abendhort Triemli 2,8.4914803,47.3681944,"(8.4914803 , 47.3681944)"
kindergarten,Mittag-/Abendhort Triemli 3,8.4938626,47.3681667,"(8.4938626 , 47.3681667)"
kindergarten,Kindergarten Untermoos 2,8.4794952,47.3840706,"(8.4794952 , 47.3840706)"
kindergarten,Kindergarten Flüelastrasse,8.4963326,47.3828313,"(8.4963326 , 47.3828313)"
kindergarten,Mittag-/Abendhort Utogrund 3,8.4994009,47.3766092,"(8.4994009 , 47.3766092)"
kindergarten,Kindergarten Hellmi 1,8.5240553,47.3788812,"(8.5240553 , 47.3788812)"
kindergarten,Mittag-/Abendhort Brahms 2,8.5047268,47.3781584,"(8.5047268 , 47.3781584)"
kindergarten,Mittag-/Abendhort Fritschi,8.5125519,47.3753558,"(8.5125519 , 47.3753558)"
kindergarten,Kindergarten Leonhard Ragaz,8.5082345,47.3711851,"(8.5082345 , 47.3711851)"
school,Kunst- & Sportschule Zürich,8.5248192,47.3783084,"(8.5248192 , 47.3783084)"
kindergarten,Kindergarten Eichbühl,8.5102509,47.3828802,"(8.5102509 , 47.3828802)"
kindergarten,Kindergarten Hardau Zentrum,8.5100517,47.3812789,"(8.5100517 , 47.3812789)"
kindergarten,Kindergarten Josef,8.5254875,47.3851691,"(8.5254875 , 47.3851691)"
kindergarten,Kindergarten Neugasse,8.5250817,47.3835825,"(8.5250817 , 47.3835825)"
kindergarten,Kindergarten Schütze,8.5230202,47.389158,"(8.5230202 , 47.389158)"
kindergarten,Mittag-/Abendhort Fabrikstrasse,8.5288652,47.3870305,"(8.5288652 , 47.3870305)"
kindergarten,Mittag-/Abendhort Limmat,8.5292059,47.3867859,"(8.5292059 , 47.3867859)"
kindergarten,Kindergarten Kanzlei ABZ,8.5180872,47.3777393,"(8.5180872 , 47.3777393)"
kindergarten,Kindergarten Lochergut,8.5173962,47.3765588,"(8.5173962 , 47.3765588)"
kindergarten,Mittag-/Abendhort Erna,8.5184224,47.3807428,"(8.5184224 , 47.3807428)"
kindergarten,Mittag-/Abendhort Ernahof,8.5176083,47.3797596,"(8.5176083 , 47.3797596)"
kindergarten,Kindergarten Frauentalweg 1–2,8.5097606,47.3541928,"(8.5097606 , 47.3541928)"
kindergarten,Kindergarten Friesenberghalde,8.5001264,47.3620291,"(8.5001264 , 47.3620291)"
kindergarten,Kindergarten Grünmatt,8.5036005,47.3623199,"(8.5036005 , 47.3623199)"
kindergarten,Kindergarten Schweighof 180,8.5083931,47.3588633,"(8.5083931 , 47.3588633)"
kindergarten,Kindergarten Schweighof 296,8.5047411,47.3629882,"(8.5047411 , 47.3629882)"
kindergarten,Mittaghort Döltschihalde 1 + 2,8.4993355,47.3634312,"(8.4993355 , 47.3634312)"
kindergarten,Mittag-/Abendhort Hegianwandweg 1,8.5086138,47.355552,"(8.5086138 , 47.355552)"
kindergarten,Mittag-/Abendhort Kleinalbis 1,8.5059898,47.358503,"(8.5059898 , 47.358503)"
kindergarten,"Morgentisch Schweighof 3, Mittag-/Abendhort Schweighof 1",8.5067776,47.3599049,"(8.5067776 , 47.3599049)"
kindergarten,Kindergarten Bruderwies 1 + 2,8.5170461,47.3335003,"(8.5170461 , 47.3335003)"
kindergarten,Kindergarten Hegianwandweg 1 + 2,8.5128751,47.3576199,"(8.5128751 , 47.3576199)"
kindergarten,Kindergarten Laubegg,8.5159588,47.3589636,"(8.5159588 , 47.3589636)"
kindergarten,Kindergarten Wannerstrasse,8.5164559,47.3570072,"(8.5164559 , 47.3570072)"
kindergarten,Mittaghort Bachtobel 6,8.5134134,47.3578273,"(8.5134134 , 47.3578273)"
kindergarten,Kindergarten Tiergarten,8.5118217,47.3662711,"(8.5118217 , 47.3662711)"
kindergarten,Mittag-/Abendhort Stein 1 + 2,8.5191996,47.3677458,"(8.5191996 , 47.3677458)"
kindergarten,Kindergarten Entlisberg Pavillon 1 + 2,8.527739,47.3380383,"(8.527739 , 47.3380383)"
kindergarten,Kindergarten Moos 1 + 2,8.5286955,47.3356692,"(8.5286955 , 47.3356692)"
kindergarten,Mittag-/Abendhort Balber,8.5275093,47.3395664,"(8.5275093 , 47.3395664)"
kindergarten,Mittag-/Abendhort Dangel,8.5289651,47.3328486,"(8.5289651 , 47.3328486)"
kindergarten,Mittaghort Entlisberg 1,8.5244676,47.3376479,"(8.5244676 , 47.3376479)"
kindergarten,"Morgentisch Hauriweg 2, Mittag-/Abendhort Hauriweg 1",8.5277487,47.3365567,"(8.5277487 , 47.3365567)"
kindergarten,Mittag-/Abendhort Lettenholz,8.5250321,47.3388419,"(8.5250321 , 47.3388419)"
kindergarten,Mittag-/Abendhort Moos 1,8.5286486,47.3353241,"(8.5286486 , 47.3353241)"
kindergarten,Kindergarten Brandschenke,8.527993,47.3673761,"(8.527993 , 47.3673761)"
kindergarten,Mittag-/Abendhort Bürglistrasse,8.529027,47.3630095,"(8.529027 , 47.3630095)"
kindergarten,Mittag-/Abendhort Hügel,8.5265487,47.3580962,"(8.5265487 , 47.3580962)"
kindergarten,Kindergarten Maneggpromenade,8.5137837,47.3320826,"(8.5137837 , 47.3320826)"
kindergarten,Kindergarten Rebenweg 1,8.51395,47.3341291,"(8.51395 , 47.3341291)"
kindergarten,Mittag-/Abendhort Leimbach 3,8.5160932,47.3328915,"(8.5160932 , 47.3328915)"
kindergarten,Mittaghort Kilchberg 2,8.5340174,47.3427917,"(8.5340174 , 47.3427917)"
kindergarten,"Morgentisch, Mittag-/Abendhort Küngenmatt 1 - 2",8.5035354,47.3685722,"(8.5035354 , 47.3685722)"
kindergarten,Mittag-/Abendhort Rotach 1,8.5002863,47.3685015,"(8.5002863 , 47.3685015)"
kindergarten,Mittag-/Abendhort Jugendrestaurant Küngenmatt 3,8.4999194,47.3654935,"(8.4999194 , 47.3654935)"
kindergarten,Kindergarten Rieterstrasse,8.526213,47.3532791,"(8.526213 , 47.3532791)"
kindergarten,Kindergarten Wettstein,8.5349381,47.3424426,"(8.5349381 , 47.3424426)"
kindergarten,Mittag-/Abendhort Kilchberg 1A + 1B,8.5330032,47.3429395,"(8.5330032 , 47.3429395)"
kindergarten,Mittag-/Abendhort Sihlweid 1,8.5161401,47.3250201,"(8.5161401 , 47.3250201)"
kindergarten,"Morgentisch Sihlweid 4, Mittag-/Abendhort Sihlweid 2A + 2B",8.5130952,47.328785,"(8.5130952 , 47.328785)"
kindergarten,Mittag-/Abendhort Sihlweid 3,8.5163154,47.326562,"(8.5163154 , 47.326562)"
kindergarten,Kindertgarten Hadlaub,8.5536318,47.3825907,"(8.5536318 , 47.3825907)"
kindergarten,Mittag-/Abendhort Neumünsterpavillon,8.5589316,47.3614188,"(8.5589316 , 47.3614188)"
kindergarten,Kindergarten Looren A1 + A2,8.595983,47.3612083,"(8.595983 , 47.3612083)"
school,Pavillon Riesbach,8.5584576,47.3560512,"(8.5584576 , 47.3560512)"
kindergarten,Mittag-/Abendhort Fluntern 5,8.5593423,47.3757044,"(8.5593423 , 47.3757044)"
kindergarten,Mittaghort Lokal,8.5543602,47.3792862,"(8.5543602 , 47.3792862)"
school,Hull's School,8.548774,47.3656237,"(8.548774 , 47.3656237)"
kindergarten,Kindergarten Brauer,8.5256009,47.379023,"(8.5256009 , 47.379023)"
kindergarten,Kindergarten Hohl,8.5250792,47.3782074,"(8.5250792 , 47.3782074)"
kindergarten,Freier Chindsgi Hönggerberg,8.5070964,47.4021264,"(8.5070964 , 47.4021264)"
school,Schule Dandelion,8.4879598,47.3813585,"(8.4879598 , 47.3813585)"
school,Schule für Kunst und Design Zürich,8.5124422,47.3618175,"(8.5124422 , 47.3618175)"
kindergarten,Montessori Schule Zürich,8.5446195,47.3849816,"(8.5446195 , 47.3849816)"
kindergarten,Kindergarten Aemtler D,8.511714,47.3733836,"(8.511714 , 47.3733836)"
,Zürich,,,"( , )"
